name,label
human/00000104.jpg,human
human/00000111.jpg,human
human/00000168.jpg,human
human/00000065.jpg,human
human/00000101.jpg,human
human/00000035.jpg,human
human/00000173.jpg,human
human/00000175.jpg,human
human/00000118.jpg,human
human/00000039.jpg,human
human/00000059.jpg,human
human/00000154.jpg,human
human/00000159.jpg,human
human/00000042.jpg,human
human/00000156.jpg,human
human/00000105.jpg,human
human/00000128.jpg,human
human/00000040.jpg,human
human/00000134.jpg,human
human/00000142.jpg,human
human/00000070.jpg,human
human/00000146.jpg,human
human/00000133.jpg,human
human/00000116.jpg,human
human/00000167.jpg,human
human/00000000.jpg,human
human/00000152.jpg,human
human/00000166.jpg,human
human/00000067.jpg,human
human/00000046.jpg,human
human/00000055.jpg,human
human/00000110.jpg,human
human/00000005.jpg,human
human/00000170.jpg,human
human/00000004.jpg,human
human/00000079.jpg,human
human/00000021.jpg,human
human/00000145.jpg,human
human/00000157.jpg,human
human/00000137.jpg,human
human/00000071.jpg,human
human/00000109.jpg,human
human/00000136.jpg,human
human/00000022.jpg,human
human/00000112.jpg,human
human/00000050.jpg,human
human/00000103.jpg,human
human/00000002.jpg,human
human/00000174.jpg,human
human/00000006.jpg,human
human/00000074.jpg,human
human/00000027.jpg,human
human/00000135.jpg,human
human/00000160.jpg,human
human/00000064.jpg,human
human/00000056.jpg,human
human/00000140.jpg,human
human/00000130.jpg,human
human/00000144.jpg,human
human/00000158.jpg,human
human/00000003.jpg,human
human/00000001.jpg,human
human/00000126.jpg,human
human/00000068.jpg,human
human/00000018.jpg,human
human/00000033.jpg,human
human/00000011.jpg,human
human/00000058.jpg,human
human/00000025.jpg,human
human/00000045.jpg,human
human/00000132.jpg,human
human/00000015.jpg,human
human/00000076.jpg,human
human/00000072.jpg,human
human/00000060.jpg,human
human/00000041.jpg,human
human/00000031.jpg,human
human/00000062.jpg,human
human/00000178.jpg,human
human/00000009.jpg,human
human/00000047.jpg,human
human/00000066.jpg,human
human/00000123.jpg,human
human/00000075.jpg,human
human/00000138.jpg,human
human/00000052.jpg,human
human/00000163.jpg,human
human/00000007.jpg,human
human/00000038.jpg,human
human/00000044.jpg,human
human/00000139.jpg,human
human/00000008.jpg,human
human/00000054.jpg,human
human/00000100.jpg,human
human/00000177.jpg,human
human/00000053.jpg,human
human/00000017.jpg,human
human/00000127.jpg,human
human/00000114.jpg,human
human/00000063.jpg,human
human/00000078.jpg,human
human/00000117.jpg,human
human/00000010.jpg,human
human/00000029.jpg,human
human/00000172.jpg,human
human/00000108.jpg,human
human/00000149.jpg,human
human/00000030.jpg,human
human/00000043.jpg,human
human/00000176.jpg,human
human/00000171.jpg,human
human/00000131.jpg,human
human/00000061.jpg,human
human/00000129.jpg,human
human/00000023.jpg,human
human/00000014.jpg,human
human/00000051.jpg,human
human/00000077.jpg,human
human/00000034.jpg,human
human/00000162.jpg,human
human/00000049.jpg,human
human/00000069.jpg,human
human/00000048.jpg,human
human/00000036.jpg,human
human/00000106.jpg,human
human/00000151.jpg,human
human/00000102.jpg,human
human/00000073.jpg,human
human/00000115.jpg,human
human/00000148.jpg,human
human/00000164.jpg,human
human/00000120.jpg,human
human/00000169.jpg,human
human/00000122.jpg,human
human/00000165.jpg,human
human/00000012.jpg,human
human/00000032.jpg,human
human/00000161.jpg,human
human/00000119.jpg,human
human/00000150.jpg,human
human/00000020.jpg,human
human/00000125.jpg,human
human/00000028.jpg,human
human/00000113.jpg,human
human/00000057.jpg,human
human/00000016.jpg,human
human/00000013.jpg,human
human/00000037.jpg,human
human/00000155.jpg,human
human/00000026.jpg,human
human/00000024.jpg,human
human/00000107.jpg,human
human/00000019.jpg,human
cyborg/00000104.jpg,cyborg
cyborg/00000143.jpg,cyborg
cyborg/00000111.jpg,cyborg
cyborg/00000065.jpg,cyborg
cyborg/00000101.jpg,cyborg
cyborg/00000035.jpg,cyborg
cyborg/00000194.jpg,cyborg
cyborg/00000147.jpg,cyborg
cyborg/00000118.jpg,cyborg
cyborg/00000039.jpg,cyborg
cyborg/00000059.jpg,cyborg
cyborg/00000087.jpg,cyborg
cyborg/00000154.jpg,cyborg
cyborg/00000183.jpg,cyborg
cyborg/00000159.jpg,cyborg
cyborg/00000186.jpg,cyborg
cyborg/00000084.jpg,cyborg
cyborg/00000042.jpg,cyborg
cyborg/00000156.jpg,cyborg
cyborg/00000105.jpg,cyborg
cyborg/00000096.jpg,cyborg
cyborg/00000128.jpg,cyborg
cyborg/00000040.jpg,cyborg
cyborg/00000134.jpg,cyborg
cyborg/00000142.jpg,cyborg
cyborg/00000070.jpg,cyborg
cyborg/00000146.jpg,cyborg
cyborg/00000133.jpg,cyborg
cyborg/00000116.jpg,cyborg
cyborg/00000190.jpg,cyborg
cyborg/00000181.jpg,cyborg
cyborg/00000000.jpg,cyborg
cyborg/00000152.jpg,cyborg
cyborg/00000090.jpg,cyborg
cyborg/00000188.jpg,cyborg
cyborg/00000182.jpg,cyborg
cyborg/00000046.jpg,cyborg
cyborg/00000055.jpg,cyborg
cyborg/00000110.jpg,cyborg
cyborg/00000091.jpg,cyborg
cyborg/00000192.jpg,cyborg
cyborg/00000005.jpg,cyborg
cyborg/00000195.jpg,cyborg
cyborg/00000004.jpg,cyborg
cyborg/00000079.jpg,cyborg
cyborg/00000021.jpg,cyborg
cyborg/00000179.jpg,cyborg
cyborg/00000141.jpg,cyborg
cyborg/00000121.jpg,cyborg
cyborg/00000157.jpg,cyborg
cyborg/00000137.jpg,cyborg
cyborg/00000071.jpg,cyborg
cyborg/00000196.jpg,cyborg
cyborg/00000109.jpg,cyborg
cyborg/00000136.jpg,cyborg
cyborg/00000022.jpg,cyborg
cyborg/00000112.jpg,cyborg
cyborg/00000050.jpg,cyborg
cyborg/00000103.jpg,cyborg
cyborg/00000002.jpg,cyborg
cyborg/00000006.jpg,cyborg
cyborg/00000074.jpg,cyborg
cyborg/00000027.jpg,cyborg
cyborg/00000135.jpg,cyborg
cyborg/00000097.jpg,cyborg
cyborg/00000064.jpg,cyborg
cyborg/00000056.jpg,cyborg
cyborg/00000140.jpg,cyborg
cyborg/00000130.jpg,cyborg
cyborg/00000144.jpg,cyborg
cyborg/00000158.jpg,cyborg
cyborg/00000003.jpg,cyborg
cyborg/00000001.jpg,cyborg
cyborg/00000126.jpg,cyborg
cyborg/00000068.jpg,cyborg
cyborg/00000018.jpg,cyborg
cyborg/00000189.jpg,cyborg
cyborg/00000011.jpg,cyborg
cyborg/00000058.jpg,cyborg
cyborg/00000025.jpg,cyborg
cyborg/00000045.jpg,cyborg
cyborg/00000132.jpg,cyborg
cyborg/00000015.jpg,cyborg
cyborg/00000082.jpg,cyborg
cyborg/00000076.jpg,cyborg
cyborg/00000098.jpg,cyborg
cyborg/00000072.jpg,cyborg
cyborg/00000060.jpg,cyborg
cyborg/00000041.jpg,cyborg
cyborg/00000031.jpg,cyborg
cyborg/00000062.jpg,cyborg
cyborg/00000092.jpg,cyborg
cyborg/00000088.jpg,cyborg
cyborg/00000009.jpg,cyborg
cyborg/00000047.jpg,cyborg
cyborg/00000193.jpg,cyborg
cyborg/00000066.jpg,cyborg
cyborg/00000123.jpg,cyborg
cyborg/00000075.jpg,cyborg
cyborg/00000089.jpg,cyborg
cyborg/00000184.jpg,cyborg
cyborg/00000086.jpg,cyborg
cyborg/00000138.jpg,cyborg
cyborg/00000052.jpg,cyborg
cyborg/00000007.jpg,cyborg
cyborg/00000038.jpg,cyborg
cyborg/00000044.jpg,cyborg
cyborg/00000139.jpg,cyborg
cyborg/00000008.jpg,cyborg
cyborg/00000054.jpg,cyborg
cyborg/00000100.jpg,cyborg
cyborg/00000053.jpg,cyborg
cyborg/00000085.jpg,cyborg
cyborg/00000083.jpg,cyborg
cyborg/00000017.jpg,cyborg
cyborg/00000127.jpg,cyborg
cyborg/00000114.jpg,cyborg
cyborg/00000187.jpg,cyborg
cyborg/00000063.jpg,cyborg
cyborg/00000078.jpg,cyborg
cyborg/00000117.jpg,cyborg
cyborg/00000010.jpg,cyborg
cyborg/00000095.jpg,cyborg
cyborg/00000029.jpg,cyborg
cyborg/00000108.jpg,cyborg
cyborg/00000149.jpg,cyborg
cyborg/00000030.jpg,cyborg
cyborg/00000043.jpg,cyborg
cyborg/00000131.jpg,cyborg
cyborg/00000153.jpg,cyborg
cyborg/00000129.jpg,cyborg
cyborg/00000023.jpg,cyborg
cyborg/00000014.jpg,cyborg
cyborg/00000199.jpg,cyborg
cyborg/00000051.jpg,cyborg
cyborg/00000077.jpg,cyborg
cyborg/00000049.jpg,cyborg
cyborg/00000197.jpg,cyborg
cyborg/00000069.jpg,cyborg
cyborg/00000048.jpg,cyborg
cyborg/00000036.jpg,cyborg
cyborg/00000185.jpg,cyborg
cyborg/00000106.jpg,cyborg
cyborg/00000198.jpg,cyborg
cyborg/00000151.jpg,cyborg
cyborg/00000102.jpg,cyborg
cyborg/00000073.jpg,cyborg
cyborg/00000115.jpg,cyborg
cyborg/00000148.jpg,cyborg
cyborg/00000080.jpg,cyborg
cyborg/00000120.jpg,cyborg
cyborg/00000094.jpg,cyborg
cyborg/00000122.jpg,cyborg
cyborg/00000012.jpg,cyborg
cyborg/00000032.jpg,cyborg
cyborg/00000119.jpg,cyborg
cyborg/00000180.jpg,cyborg
cyborg/00000191.jpg,cyborg
cyborg/00000150.jpg,cyborg
cyborg/00000020.jpg,cyborg
cyborg/00000028.jpg,cyborg
cyborg/00000113.jpg,cyborg
cyborg/00000081.jpg,cyborg
cyborg/00000016.jpg,cyborg
cyborg/00000013.jpg,cyborg
cyborg/00000037.jpg,cyborg
cyborg/00000155.jpg,cyborg
cyborg/00000026.jpg,cyborg
cyborg/00000107.jpg,cyborg
cyborg/00000099.jpg,cyborg
cyborg/00000019.jpg,cyborg
